col0;age;col2;col3;col4;col5
75;0.315331698;0.662387736;0.465647001;0.838162871;0.476180309
91;0.304665589;0.714323046;0.37928418;0.656070295;0.891161781
57;0.030070748;0.976929785;0.333465801;0.201191369;0.603489534
87;0.700232767;0.244188874;0.964513178;0.312361475;0.252815114
76;0.146792699;0.057159596;0.46282386;0.125371597;0.391252095
68;0.798805395;0.891285174;0.047150021;0.844980498;0.711586753
31;0.763477475;0.904607632;0.454187677;0.316911007;0.213075165
67;0.63205377;0.583083669;0.695278364;0.23516255;0.899706456
18;0.149730009;0.625294603;0.2912808;0.655877973;0.065108738
90;0.68824825;0.12891806;0.155915337;0.079990427;0.453198301
14;0.772951748;0.329328058;0.054301216;0.428707312;0.143751427
47;0.243961519;0.468301449;0.454753863;0.256033272;0.328947041
74;0.59578515;0.199305396;0.511322921;0.974418999;0.88461303
56;0.460668516;0.657813149;0.197849873;0.580734447;0.138947326
32;0.17877728;0.888461152;0.550282089;0.850394629;0.023679792
47;0.425330398;0.077913603;0.346649535;0.713451782;0.153230282
86;0.070601191;0.276858758;0.057154129;0.006593639;0.14266048
81;0.815574661;0.92192932;0.813851081;0.635410005;0.017085398
69;0.145159579;0.056436825;0.882215104;0.025197042;0.945496931
48;0.40940632;0.928402762;0.706860804;0.257845876;0.308893656
100;0.573519588;0.552495482;0.480749976;0.788873501;0.163782084
93;0.851398962;0.779229905;0.280784059;0.290567285;0.27723905
24;0.825225584;0.826980143;0.801953361;0.230107078;0.47023496
67;0.134506016;0.664580005;0.871186764;0.586178126;0.194627645
92;0.102936435;0.491027146;0.832627939;0.958916149;0.090960582
93;0.977939756;0.201179467;0.14083449;0.177169105;0.145316999
48;0.638246373;0.414762542;0.099538767;0.366408369;0.255893622
90;0.639410045;0.014524186;0.391058879;0.390118561;0.067492648
10;0.454358606;0.551864391;0.191348812;0.574792053;0.230556713
92;0.793532426;0.353018225;0.758250003;0.504641678;0.813214276
16;0.054011921;0.602431057;0.91308431;0.327926613;0.182418301
68;0.151017028;0.644298638;0.004937061;0.45924715;0.353759742
60;0.411692701;0.292402631;0.117845035;0.824042661;0.022860407
5;0.895107183;0.454423763;0.473267797;0.996099946;0.93345954
58;0.928516447;0.635614391;0.670965513;0.058724134;0.627563562
98;0.710152875;0.48104493;0.278177139;0.614757546;0.686590922
70;0.227141382;0.599376583;0.730564467;0.391355785;0.816033079
65;0.436775265;0.465318611;0.172987055;0.214018908;0.534743021
55;0.851339301;0.581397797;0.367900474;0.60050723;0.986697786
2;0.327046996;0.954707295;0.101985046;0.467249717;0.517132422
89;0.84533116;0.322862636;0.305414586;0.740197081;0.348366504
40;0.697017457;0.210287132;0.14950625;0.109477078;0.297105871
43;0.801371207;0.309609931;0.543789882;0.318882406;0.627744274
56;0.202550339;0.954652427;0.352583323;0.835719364;0.705210996
99;0.884221633;0.211940471;0.964616983;0.822924982;0.947590158
36;0.831526301;0.840959532;0.693916684;0.605708565;0.016187326
44;0.414631309;0.819866039;0.944892695;0.0377162;0.050161737
61;0.587315701;0.340901956;0.607421254;0.226662302;0.508986417
83;0.36467072;0.611530919;0.012361723;0.229724096;0.830642464
5;0.147349227;0.822363369;0.336873535;0.636102374;0.485207241
16;0.833174556;0.011079049;0.77399486;0.503180408;0.527906041
20;0.715287143;0.321517326;0.253463531;0.474656697;0.645757999
4;0.279668389;0.999392602;0.859732267;0.638473296;0.177756311
79;0.795277426;0.248061877;0.249688349;0.389817206;0.60113278
48;0.603004414;0.022974537;0.445514612;0.832374688;0.744085389
57;0.671782841;0.584864653;0.391192235;0.087647543;0.277580546
58;0.286938757;0.111424752;0.402801873;0.900410486;0.254702144
24;0.70863261;0.830696201;0.033217618;0.942787475;0.978143098
87;0.143502328;0.868851412;0.555425011;0.151700002;0.521662897
91;0.242980906;0.739872441;0.57179778;0.002350079;0.081299085
80;0.001957379;0.101624596;0.772757927;0.93976066;0.226726373
83;0.44643583;0.46694815;0.717409188;0.34957315;0.760630206
52;0.789482022;0.305086495;0.724865077;0.744680039;0.859452724
42;0.20490238;0.651192013;0.417761875;0.730504402;0.065945458
93;0.952232224;0.108834311;0.921732777;0.724018872;0.359524551
29;0.28279075;0.611083216;0.186428443;0.92733742;0.39637332
12;0.36313568;0.307524984;0.561294328;0.543126746;0.259700075
1;0.315721707;0.602450307;0.58467299;0.102237966;0.039138721
91;0.37050812;0.957864219;0.523001081;0.728022075;0.908496537
89;0.649888169;0.231417267;0.425872167;0.541049666;0.442357344
4;0.200483942;0.612240551;0.862144196;0.107625716;0.541023965
56;0.85517586;0.57673392;0.652308006;0.373013882;0.110794555
59;0.906351949;0.4867018;0.167489357;0.419439551;0.810120716
59;0.403123733;0.849553919;0.608447317;0.761251132;0.781184365
9;0.936021185;0.763968193;0.363443566;0.818974541;0.796684433
33;0.762208886;0.51598933;0.646703335;0.070947782;0.30306527
50;0.589744565;0.997030206;0.911225846;0.979129708;0.511476034
4;0.564199866;0.404604859;0.741692693;0.925273595;0.894848429
31;0.556789445;0.930756316;0.863088572;0.144189441;0.911672732
86;0.284669237;0.404713817;0.708973244;0.548935052;0.343936025
57;0.060894493;0.722481157;0.941607625;0.413445303;0.076477063
37;0.694160394;0.221457875;0.469105971;0.800467667;0.14395726
34;0.686736438;0.276539538;0.045945347;0.455122605;0.186031968
76;0.895477313;0.684543011;0.478424464;0.636267905;0.573385366
25;0.964803652;0.760444122;0.916362449;0.360552125;0.357933557
36;0.852849152;0.690850851;0.82640246;0.069475562;0.529082478
82;0.720934892;0.818436196;0.910102595;0.355238546;0.806724695
88;0.569855228;0.935575158;0.163506717;0.848973878;0.279870441
10;0.390264936;0.791366742;0.356994683;0.480775805;0.047658917
63;0.327662209;0.872259877;0.975702959;0.438056046;0.078801158
30;0.054106679;0.124792008;0.21861729;0.786904582;0.54518095
44;0.126515941;0.206227406;0.64224744;0.997405121;0.230549743
91;0.431060576;0.150259877;0.791478524;0.839597613;0.923267279
64;0.71281336;0.993399849;0.895085132;0.134277613;0.375451222
42;0.74106294;0.702632344;0.442107766;0.6909494;0.018862505
36;0.173363601;0.801454918;0.055487959;0.829565882;0.97752582
59;0.911070774;0.747041461;0.940704051;0.447299465;0.677445644
75;0.976556561;0.725414484;0.146465277;0.357652488;0.522213653
56;0.946717094;0.255523072;0.204063362;0.246678126;0.650724368
63;0.347197022;0.287171841;0.954574617;0.810996686;0.683636489
27;0.121553649;0.009390122;0.224677191;0.359998112;0.917483334
14;0.428941135;0.806234599;0.569960914;0.323877773;0.64691999
9;0.553095646;0.567920926;0.185399734;0.886193299;0.539411564
26;0.696451307;0.666578365;0.764013767;0.227757969;0.810710271
99;0.189260795;0.965281382;0.745272385;0.625046735;0.900191894
10;0.674571598;0.205167407;0.556326691;0.007299637;0.780284512
20;0.427307645;0.195581138;0.146972715;0.785631746;0.246678555
7;0.05657872;0.474497606;0.76010397;0.594541514;0.719445845
85;0.101998454;0.24436897;0.811666904;0.176482764;0.554701344
11;0.5439328;0.255844845;0.795449489;0.812392084;0.940723165
28;0.383109846;0.61877195;0.041900336;0.298203098;0.511599942
28;0.86498792;0.022481102;0.438493493;0.912947505;0.402533835
41;0.139433907;0.621705675;0.659451676;0.793126316;0.312444441
74;0.376360405;0.399108201;0.153080408;0.785004915;0.734989345
33;0.930397239;0.748484764;0.517477821;0.61383263;0.243340672
84;0.261419556;0.182644051;0.416692052;0.021470369;0.122307739
13;0.931541224;0.602984137;0.230453751;0.584806866;0.774591023
54;0.115253248;0.435985019;0.401637427;0.927757401;0.65349816
81;0.455115587;0.745800347;0.547419815;0.358544601;0.79875392
45;0.186726152;0.41415104;0.213864465;0.77579698;0.443519002
13;0.670991564;0.167610264;0.570413438;0.954680377;0.596374497
82;0.852385498;0.748191801;0.822003312;0.814044211;0.186929344
28;0.295778793;0.428588547;0.057064326;0.376814002;0.397828158
11;0.252359311;0.645575964;0.483436924;0.296464884;0.633513977
42;0.70955707;0.828343749;0.759762825;0.33013983;0.568748671
81;0.433948677;0.469333808;0.75881548;0.187321873;0.857487627
67;0.55475541;0.490049246;0.513429939;0.161330024;0.261845326
94;0.383162407;0.401301555;0.207532937;0.791523818;0.315402118
52;0.522344342;0.553443248;0.823446031;0.502547651;0.318884417
96;0.475404583;0.800233021;0.044079048;0.768056949;0.883125117
14;0.20034667;0.060283648;0.773405484;0.775464954;0.205684709
89;0.161641746;0.623065018;0.757853878;0.008225575;0.202480959
67;0.1547335;0.323995338;0.644405368;0.175422178;0.37547124
52;0.273226854;0.930109849;0.629215333;0.219158659;0.992910127
72;0.452938967;0.880138774;0.32742131;0.702186165;0.216983176
69;0.709133363;0.395634037;0.812821599;0.139971613;0.085416479
49;0.161406285;0.06826959;0.627873306;0.638942132;0.705854836
52;0.921328857;0.683193098;0.108789477;0.911983004;0.143175094
80;0.463190661;0.471468767;0.071404831;0.637102872;0.643452033
69;0.995633277;0.099937366;0.305276581;0.076106067;0.471642788
76;0.349259874;0.749747245;0.676449907;0.550723061;0.23501815
90;0.902962538;0.535508447;0.272840726;0.77858802;0.363031262
16;0.159016915;0.879437636;0.528288899;0.972212709;0.423209344
54;0.671016998;0.8416139;0.275830721;0.993160004;0.18781868
43;0.920073055;0.750288801;0.485819996;0.438671623;0.503038789
59;0.663441874;0.609175757;0.026505161;0.983983717;0.755426615
82;0.242235736;0.065185236;0.498102118;0.717704082;0.265238657
71;0.069071441;0.314073592;0.669434465;0.873817773;0.941826989
71;0.583875728;0.521802461;0.83020303;0.533092594;0.830616603
41;0.008889599;0.935580658;0.850814145;0.80985265;0.437118638
8;0.7166819;0.698046578;0.803108341;0.202391593;0.614124651
54;0.264534842;0.113404019;0.744412114;0.773270676;0.366848637
25;0.023389728;0.760016224;0.220206424;0.4261502;0.230627451
49;0.189786556;0.508992889;0.382096791;0.315664804;0.855950983
18;0.560015013;0.889915165;0.041270778;0.003338372;0.808542301
44;0.144281546;0.538542722;0.389558482;0.221297802;0.115692991
57;0.011549242;0.766434465;0.332631081;0.205994479;0.891435035
35;0.43958321;0.120821844;0.294219297;0.688218832;0.065537338
6;0.989752954;0.031040813;0.959899599;0.872279519;0.043103471
94;0.284180659;0.555961417;0.567926194;0.542290431;0.743139444
25;0.6056284;0.223224646;0.503611903;0.813014412;0.35120342
12;0.096557556;0.565689075;0.512592651;0.391190478;0.419322144
91;0.939477635;0.542531199;0.694205642;0.678166124;0.825269987
16;0.642401198;0.187454213;0.856575742;0.988565161;0.886189406
87;0.233443988;0.519041677;0.241025913;0.210246868;0.83586486
7;0.927628755;0.325635472;0.764824746;0.974837294;0.501495574
31;0.257748545;0.644349084;0.612268046;0.738520248;0.465566356
67;0.799415752;0.226553819;0.049600018;0.844914825;0.108804769
33;0.238028893;0.230176799;0.594676949;0.366392898;0.880661668
84;0.906579612;0.459843991;0.12614505;0.465617862;0.248317051
74;0.12943138;0.645027572;0.356758252;0.627623179;0.287765218
79;0.397751477;0.842013955;0.719663625;0.88983268;0.531625392
32;0.630237713;0.05504893;0.724421866;0.623947855;0.557717731
21;0.32833405;0.564542207;0.471150086;0.647293645;0.063007935
77;0.961292256;0.249216813;0.103603583;0.501559861;0.116205875
7;0.106161771;0.473633593;0.139381329;0.924627231;0.733100806
45;0.689562343;0.779054797;0.073256401;0.162874383;0.112089128
16;0.653334419;0.55066989;0.09166394;0.245924043;0.186518512
4;0.670034776;0.792068884;0.69033495;0.599356326;0.28459546
34;0.793162847;0.846450516;0.664463662;0.960577095;0.038768435
21;0.745732538;0.427238823;0.494572119;0.863680696;0.915470138
46;0.208224942;0.220649803;0.088380415;0.424332986;0.788358962
11;0.33263328;0.349021886;0.078010595;0.492220353;0.724651507
37;0.654791607;0.346830465;0.475821116;0.825643424;0.836267085
52;0.888029321;0.696391517;0.662169742;0.368419739;0.713158829
77;0.315086912;0.443689711;0.439550764;0.985786655;0.95936706
100;0.132441958;0.793062015;0.155346233;0.490089389;0.547564661
89;0.486264118;0.092992738;0.85464421;0.191623216;0.313057787
19;0.621134647;0.128190478;0.294839305;0.19611473;0.293574672
96;0.508440412;0.492658021;0.326772351;0.457686173;0.458896704
76;0.337445782;0.251418224;0.2990509;0.503744232;0.093824381
99;0.527948131;0.090306336;0.094041256;0.580092151;0.867922998
16;0.409857161;0.457396292;0.0723571;0.344295485;0.289921842
67;0.393824081;0.12191684;0.557202767;0.424873792;0.985723277
17;0.281489371;0.721962163;0.24630005;0.654521784;0.356328588
25;0.820526225;0.017028467;0.439121974;0.244609324;0.123689075
48;0.890097383;0.307050402;0.380611447;0.311607445;0.560008554
17;0.791059546;0.538398504;0.347877045;0.427947975;0.511124845
88;0.088321116;0.700528321;0.972463813;0.723504828;0.182077118
34;0.231540081;0.450101058;0.674915784;0.028039111;0.92600005
9;0.582051029;0.042382949;0.645684256;0.664494646;0.860991667
65;0.554930985;0.437749425;0.113486966;0.032221024;0.916024026
9;0.733360408;0.417024984;0.619890342;0.076643408;0.79705332
47;0.196015625;0.425192262;0.758102143;0.738639931;0.465739209
8;0.771041902;0.006763761;0.572596877;0.642794522;0.80075848
46;0.400306802;0.454283613;0.820201203;0.238988395;0.548002184
40;0.957567814;0.819841546;0.226083249;0.685774571;0.536791128
58;0.847206688;0.655044957;0.108829748;0.723974007;0.41479015
11;0.974571173;0.04691553;0.233610036;0.533026518;0.356049111
41;0.008259745;0.709119473;0.797390122;0.495665603;0.606394303
93;0.456465696;0.139174278;0.43492249;0.444600374;0.754681559
85;0.264694744;0.932091702;0.001802999;0.648487697;0.015673328
81;0.600264314;0.615981151;0.120991221;0.385387891;0.180402069
52;0.945890633;0.345922707;0.283227878;0.072165283;0.440362176
81;0.219755665;0.123313151;0.97328728;0.406632371;0.073921239
74;0.377059861;0.906137277;0.583567235;0.892222114;0.824882871
92;0.185260596;0.942074902;0.882195109;0.25105226;0.872470366
6;0.740583025;0.588437889;0.221556933;0.750433615;0.256178873
47;0.901092309;0.373936939;0.36474623;0.838471428;0.002925991
64;0.196553739;0.42483018;0.517868843;0.509863293;0.448840798
33;0.744189138;0.190875049;0.600897227;0.764507677;0.673706822
18;0.461298883;0.884436737;0.679172917;0.669488651;0.146297443
23;0.318380262;0.371450437;0.22598361;0.577671736;0.778734193
84;0.399153762;0.566585563;0.33315869;0.071699648;0.654408976
1;0.786659472;0.625853072;0.267643149;0.393252337;0.462891007
83;0.579860838;0.39603109;0.968778613;0.161795439;0.808864507
68;0.767785031;0.783662644;0.615565172;0.169280628;0.446553119
64;0.542367801;0.570665545;0.739676069;0.524593021;0.332953647
81;0.281454497;0.718243839;0.819279646;0.936627503;0.728948106
53;0.167346032;0.430586219;0.437689812;0.219949795;0.133946004
82;0.651538786;0.43846512;0.485188863;0.054876268;0.944110421
21;0.664517212;0.24242072;0.483432015;0.073354558;0.296931631
10;0.557947574;0.279505801;0.012336647;0.2272938;0.961876232
19;0.204959609;0.750618268;0.48358131;0.592123604;0.143734579
19;0.524586657;0.501613531;0.381937964;0.201062575;0.627155159
69;0.399937552;0.806303251;0.415589296;0.354105295;0.778445042
28;0.401778801;0.272078545;0.266307965;0.327224607;0.842296066
32;0.995287152;0.216736124;0.559572107;0.817758048;0.441349411
8;0.398589937;0.676711387;0.296573048;0.227492552;0.005774458
81;0.289847021;0.891220282;0.365312899;0.007634097;0.380507461
17;0.132971056;0.597832477;0.216480218;0.418399312;0.760843064
38;0.000701483;0.156022217;0.567256298;0.151703937;0.311557863
96;0.757748995;0.405971653;0.786270862;0.004026255;0.920146868
10;0.860807883;0.783793847;0.981517618;0.471407217;0.095502729
73;0.680194515;0.742412571;0.492909757;0.661057709;0.522504939
48;0.575865212;0.329332038;0.832829854;0.025219673;0.670544333
36;0.185729564;0.884044906;0.126307516;0.592191017;0.765822977
39;0.661680859;0.824428087;0.731490664;0.213823203;0.04791969
62;0.010907191;0.698159855;0.527781486;0.719086836;0.728752615
69;0.437032782;0.077244424;0.360771076;0.983460231;0.434161569
64;0.289424874;0.161685823;0.723354609;0.157066963;0.866652957
64;0.299151477;0.24920006;0.531358242;0.096486837;0.739276294
30;0.257315778;0.406151462;0.399119828;0.030898183;0.019196906
50;0.496963464;0.05562669;0.265629243;0.821530023;0.632921769
4;0.781033935;0.655691472;0.176675242;0.416194896;0.553014002
11;0.696070773;0.063228381;0.484321302;0.639585108;0.907934582
34;0.932474975;0.829245153;0.223224151;0.80345976;0.97051554
91;0.196999749;0.11178891;0.923972361;0.823980538;0.646429987
77;0.605262518;0.85867194;0.715198399;0.6750222;0.878265287
90;0.117212326;0.232955118;0.310499684;0.087855935;0.159717329
41;0.132377143;0.737481114;0.513367193;0.278550736;0.357128911
98;0.23885294;0.054809468;0.808052144;0.229754709;0.970621317
10;0.640192906;0.81417294;0.012302409;0.097143617;0.776151584
3;0.304474809;0.238549162;0.14958527;0.271594941;0.23517279
13;0.465322438;0.723083081;0.207988149;0.504082342;0.391277825
74;0.999193151;0.642533977;0.333089147;0.624411245;0.183489762
65;0.794084044;0.903995399;0.461393488;0.658325211;0.768437527
49;0.504004075;0.698047336;0.708056572;0.242650827;0.361715351
15;0.328797989;0.423568786;0.354291771;0.94759777;0.089384471
40;0.157716663;0.206241044;0.819993038;0.131965983;0.968083438
20;0.095787503;0.811919992;0.987532365;0.527266585;0.26758335
19;0.680954067;0.694281132;0.503717084;0.105359118;0.98427198
57;0.007786494;0.087573782;0.353752145;0.955958138;0.659411039
22;0.458150057;0.417671971;0.415159477;0.719938062;0.217293824
11;0.70773013;0.697859129;0.266937826;0.221097356;0.950588445
76;0.413947067;0.102510828;0.03074298;0.299470248;0.992057832
63;0.132228031;0.467731649;0.341393676;0.446331307;0.86799837
83;0.358300773;0.16688048;0.503451117;0.257039768;0.333310331
64;0.312296593;0.425953578;0.062176952;0.999178468;0.657660924
55;0.381811553;0.10693398;0.488645976;0.980996374;0.673743141
31;0.436711352;0.969080754;0.544463531;0.927380853;0.566359489
5;0.647821036;0.05983572;0.775027969;0.436403859;0.763221603
91;0.705213486;0.149789412;0.14644943;0.989146641;0.074165082
96;0.746191908;0.427956914;0.549325135;0.805677893;0.948565225
23;0.448073238;0.412900545;0.870412592;0.834414237;0.425387635
43;0.843050438;0.813452537;0.308949955;0.035177146;0.056952352
84;0.715591089;0.318809807;0.421257099;0.607646664;0.27516553
69;0.917916903;0.103437626;0.547307744;0.43953615;0.104753469
18;0.148216919;0.82639964;0.651512493;0.503587503;0.907255476
87;0.135657199;0.54752512;0.063538436;0.578533641;0.948094775
93;0.640571248;0.933725288;0.96459223;0.138410865;0.848259617
39;0.981474792;0.45478793;0.97844615;0.452314248;0.208791641
83;0.940141284;0.955031161;0.743693197;0.669346951;0.187710519
50;0.876145524;0.053544161;0.489705618;0.070594788;0.251578605
28;0.408866128;0.761539884;0.690708131;0.108047575;0.654208251
86;0.906715158;0.203607912;0.991711252;0.304712912;0.027745855
30;0.576086876;0.517671487;0.21612449;0.977732766;0.187817552
60;0.039161539;0.480559882;0.706084486;0.769493774;0.644267341
76;0.271957224;0.212509976;0.130944923;0.084975719;0.508052574
30;0.307511051;0.309448582;0.574196394;0.467823463;0.671556622
36;0.789277566;0.458753819;0.477286555;0.022809725;0.835226842
35;0.440304054;0.429364355;0.621645488;0.843377929;0.069563047
60;0.369734933;0.905426781;0.088949556;0.195315654;0.42780306
34;0.1679072;0.602872541;0.49874987;0.578429169;0.249323541
14;0.452966442;0.583115123;0.427673249;0.735928644;0.880291372
75;0.507309672;0.595640713;0.399433471;0.436904226;0.443940984
40;0.049606638;0.693417683;0.188567074;0.877479566;0.813161632
10;0.956912554;0.838776056;0.850203859;0.473171066;0.643965456
46;0.174566144;0.667708122;0.171439127;0.059167647;0.274630045
17;0.063366667;0.094151124;0.345692678;0.573155375;0.710467869
73;0.104931295;0.335152272;0.428786324;0.134166698;0.113298858
46;0.762260428;0.918349552;0.531529089;0.819672192;0.833082717
63;0.8134264;0.517950743;0.225254054;0.014279657;0.005226316
76;0.032746205;0.892175273;0.998331105;0.607598209;0.254721248
13;0.475798848;0.84575042;0.279803999;0.853179305;0.085556625
100;0.66139283;0.754031205;0.54350788;0.984537753;0.594528174
77;0.588679197;0.674339575;0.851596443;0.616462302;0.423054889
98;0.206308492;0.716339603;0.320084084;0.773293794;0.207464394
98;0.367168944;0.410548201;0.237853188;0.960334839;0.240497682
64;0.149837365;0.117505807;0.380874646;0.037519293;0.513159515
66;0.392058947;0.17709471;0.190512543;0.544387972;0.482713735
58;0.281667513;0.511237158;0.801754234;0.942557361;0.386482693
47;0.367261078;0.368607504;0.79384137;0.339454515;0.343324178
27;0.228113878;0.938246155;0.202927035;0.007092694;0.730478327
79;0.351316845;0.805089342;0.50219684;0.162683404;0.947353016
46;0.852746638;0.651688804;0.834707913;0.63720048;0.9745557
68;0.394111616;0.43418191;0.995614669;0.394476085;0.68519829
22;0.81129422;0.902480361;0.282782901;0.149583783;0.866987127
89;0.988501436;0.792089477;0.448909172;0.141972242;0.559648367
6;0.510094094;0.769649752;0.860448119;0.338193138;0.905002111
39;0.030900411;0.386807915;0.929245126;0.401638475;0.204005715
71;0.506393014;0.634523051;0.718934638;0.97719825;0.990796663
88;0.407544228;0.030911375;0.858436133;0.075911153;0.814166178
62;0.34173604;0.556175194;0.886862395;0.52466682;0.941521242
57;0.200091285;0.883763591;0.632244072;0.590024845;0.807711863
35;0.312708412;0.604497869;0.519546801;0.375607506;0.466089883
42;0.741880177;0.837469308;0.796969403;0.780406079;0.008541517
31;0.652636274;0.771680791;0.268959811;0.553490673;0.717040053
33;0.400067385;0.002952367;0.414598362;0.706106916;0.790785338
35;0.831917191;0.68783087;0.95336175;0.563378911;0.644793557
25;0.717299261;0.230736432;0.540205033;0.680378749;0.257598422
45;0.108453671;0.045527526;0.386404875;0.833243126;0.663581719
40;0.639277201;0.862664889;0.27388956;0.314880629;0.031479507
87;0.568442827;0.046759995;0.13226897;0.164403271;0.104618068
59;0.808404704;0.021608437;0.569431892;0.25189334;0.553148157
37;0.69041899;0.883196688;0.24087989;0.86808429;0.955875939
94;0.673518836;0.980922797;0.248134492;0.020650523;0.622096046
9;0.440075388;0.599566156;0.444836448;0.050344965;0.638282847
28;0.830628132;0.024808071;0.594166337;0.975616478;0.224506371
23;0.009508506;0.423889829;0.797535692;0.074599294;0.190610021
30;0.364372096;0.05272696;0.235420919;0.450658408;0.881767975
8;0.258852781;0.945651155;0.175013615;0.128685664;0.836176666
72;0.335231722;0.618185203;0.179722277;0.945954764;0.249769376
12;0.386336573;0.447666316;0.779102509;0.485111589;0.453299818
36;0.161746776;0.109983946;0.288652475;0.124626612;0.196585799
44;0.6849471;0.256125178;0.447691492;7.54409E-05;0.277245079
2;0.111557082;0.893463459;0.691950257;0.830292445;0.18758067
60;0.091420178;0.658385424;0.145789197;0.689936299;0.379493973
29;0.11838233;0.332578291;0.658933243;0.938959345;0.517050349
10;0.271750681;0.86818972;0.47001916;0.370245899;0.539671889
77;0.476526694;0.163267891;0.800586772;0.647060577;0.771997938
93;0.186192115;0.143691423;0.087244733;0.609589234;0.950125149
82;0.693701551;0.139833543;0.087361174;0.363928198;0.667938184
33;0.145281402;0.433726082;0.256067184;0.613900261;0.243272026
10;0.359342202;0.211845181;0.587445623;0.959288736;0.882366006
32;0.475087779;0.353990999;0.508330889;0.59626149;0.23321667
31;0.174007003;0.055639404;0.894120885;0.191250766;0.785492403
20;0.836536357;0.982107142;0.244844255;0.425998225;0.633649757
85;0.876108051;0.337008684;0.199264425;0.255517674;0.089932278
59;0.038216699;0.900848609;0.595299754;0.242813807;0.342568657
31;0.89943766;0.324898649;0.588315987;0.628993437;0.259915668
56;0.2616273;0.444042127;0.700219309;0.936414257;0.50412682
15;0.580415273;0.20549059;0.059257696;0.721206757;0.892432565
96;0.27914798;0.738790503;0.261286012;0.88527235;0.216561126
52;0.95378935;0.076299565;0.749005727;0.892839616;0.106057635
27;0.924052162;0.589450025;0.153370598;0.655127208;0.381493815
92;0.912514895;0.176665633;0.581636402;0.385059737;0.977110867
79;0.311897956;0.725646176;0.875623226;0.087908048;0.96968935
84;0.482608517;0.00061879;0.908100058;0.237677487;0.751614277
32;0.330000585;0.654217688;0.844058704;0.272014962;0.734972078
29;0.464316913;0.126944097;0.909023677;0.468784395;0.815869779
18;0.372238337;0.083452247;0.611785323;0.755476438;0.167825798
51;0.385830959;0.120996104;0.379150499;0.672843173;0.431713533
23;0.732705072;0.904526029;0.960868641;0.909722863;0.757739393
8;0.510374592;0.140200738;0.446749064;0.735777731;0.808975967
60;0.646110526;0.311683933;0.628106468;0.943864125;0.007133926
1;0.75959082;0.645884617;0.078516683;0.460770322;0.123018451
56;0.750523915;0.232210599;0.575018948;0.334574933;0.285573965
18;0.422278562;0.003236777;0.754990125;0.233867409;0.475080059
40;0.941421752;0.94264158;0.573297214;0.470365599;0.024364152
39;0.640888756;0.266813412;0.401012424;0.916856828;0.723219279
99;0.495738357;0.461464004;0.992875458;0.063694624;0.637917516
69;0.489938912;0.173352284;0.856364442;0.529630345;0.281927458
27;0.787078059;0.443458712;0.38429883;0.890591793;0.566047286
23;0.454795872;0.624345159;0.760014548;0.908059841;0.788249321
18;0.842416042;0.358177145;0.501675006;0.429496027;0.666780653
49;0.175138059;0.977948034;0.340880268;0.526692185;0.336531244
37;0.800528159;0.662366993;0.942924553;0.056171273;0.357062148
83;0.996009386;0.041111436;0.138739405;0.440563198;0.540472682
44;0.989008473;0.221836781;0.774420217;0.544424255;0.994606134
94;0.144635181;0.535073097;0.969130506;0.783015822;0.930494465
12;0.540935075;0.534860219;0.953267975;0.948561275;0.161247599
18;0.674683278;0.490867425;0.174579017;0.866406345;0.268638686
74;0.143911759;0.042903128;0.309117449;0.014337886;0.746562316
26;0.488320245;0.41538141;0.503499561;0.328146254;0.379543238
77;0.62979857;0.311746416;0.14294302;0.078575894;0.015420714
38;0.620185143;0.779562212;0.884840803;0.06087349;0.622500006
25;0.827444366;0.566725378;0.354007431;0.7569875;0.463255472
96;0.663646586;0.91816999;0.937343495;0.689361668;0.535955745
58;0.858659075;0.606447203;0.858726239;0.62845455;0.090486603
93;0.042864082;0.200206268;0.141512596;0.360229755;0.261568531
62;0.678061998;0.071688853;0.0716731;0.888670873;0.087555349
58;0.822238336;0.408648237;0.798313447;0.007001032;0.635047398
78;0.472552917;0.814001813;0.384947055;0.983129187;0.718962311
61;0.404349717;0.40583458;0.514349368;0.040770271;0.841070873
9;0.991680008;0.304469239;0.220718301;0.353702268;0.309477342
88;0.964860121;0.234253983;0.730601851;0.896075062;0.106287278
94;0.907178504;0.907145094;0.626271971;0.311133669;0.573618103
69;0.420504739;0.759134383;0.954218971;0.996771937;0.725508024
25;0.576662026;0.509759439;0.128948212;0.024559525;0.499456143
39;0.220844143;0.484170347;0.684181117;0.587527733;0.414916135
94;0.558242908;0.579367234;0.714194639;0.75869945;0.805954829
47;0.97984104;0.138750828;0.780723551;0.696788584;0.749410899
46;0.616344876;0.62383601;0.661661153;0.294942686;0.092957964
91;0.397421939;0.103464438;0.284410912;0.398742488;0.253172693
31;0.056010888;0.47156841;0.533422041;0.655008411;0.0329505
63;0.927068407;0.226707043;0.683946526;0.855740919;0.269562417
1;0.974251999;0.809352609;0.235441733;0.449839106;0.345041701
73;0.130678884;0.547812127;0.193238615;0.814558468;0.699153362
13;0.351495838;0.247737621;0.648213252;0.305727855;0.402785435
30;0.932777045;0.980957141;0.374768995;0.243414766;0.796100009
84;0.591095474;0.431166625;0.652105735;0.759515545;0.534309674
27;0.72248332;0.794192629;0.332876813;0.159286207;0.10381667
85;0.890097234;0.348471034;0.517663071;0.806090307;0.626682401
67;0.064424853;0.485753371;0.530873942;0.159393;0.252086173
96;0.082242339;0.757147491;0.687087599;0.567219913;0.305286435
34;0.172930011;0.75167992;0.58922827;0.737965413;0.324165729
69;0.826106599;0.510470049;0.970778025;0.371401786;0.304398603
87;0.213840167;0.1689491;0.877180502;0.092525227;0.061197394
54;0.645291437;0.055590045;0.677877897;0.115023275;0.000345793
67;0.859952098;0.258826406;0.448204888;0.949773823;0.319989301
36;0.378412007;0.623988067;0.030886228;0.541978105;0.61348409
65;0.198330088;0.693930853;0.135548858;0.778521243;0.01089866
5;0.057124763;0.607093649;0.33116313;0.698454948;0.042503805
15;0.971071555;0.06603005;0.964914578;0.010929184;0.519757739
62;0.027344009;0.238080026;0.056454626;0.985475712;0.234653614
63;0.307896831;0.005377028;0.374616534;0.785787068;0.129410866
67;0.149800333;0.954139488;0.985024529;0.327446042;0.004853357
4;0.822040253;0.205781792;0.530524113;0.909107288;0.172608554
66;0.514021184;0.147905667;0.098421287;0.880975353;0.343981623
34;0.592284156;0.239907312;0.311467427;0.402021421;0.140268132
37;0.959122464;0.18754708;0.316116321;0.874453882;0.148470941
78;0.808345677;0.944363317;0.060609922;0.967689076;0.939157909
70;0.31940275;0.143266696;0.207622364;0.588124082;0.905986074
90;0.981464212;0.167562297;0.734404608;0.094413911;0.488272472
82;0.552369628;0.161927674;0.631647242;0.475540633;0.409949783
70;0.119168684;0.57782226;0.61537824;0.859524635;0.408035674
53;0.91435246;0.426436191;0.881915327;0.548433778;0.358713641
60;0.847936001;0.291643497;0.122380418;0.483623926;0.658600347
53;0.482171488;0.604780364;0.263127003;0.80291295;0.899055097
46;0.313764218;0.447427437;0.264858244;0.800220585;0.800690319
88;0.596408668;0.911479933;0.790470919;0.721688012;0.661550674
32;0.371777425;0.078464008;0.185305454;0.402395492;0.165328895
75;0.322833632;0.9142325;0.372426944;0.54990765;0.470691009
15;0.491023243;0.370311896;0.634687666;0.363036546;0.705359929
50;0.427381743;0.032992124;0.345512268;0.075849734;0.598734848
38;0.633488783;0.097588432;0.171634448;0.380082838;0.288105113
89;0.749598696;0.11175461;0.864300914;0.956513439;0.095128318
92;0.399784281;0.788962768;0.082325631;0.828809133;0.068882356
13;0.392574616;0.845790791;0.778391484;0.182562017;0.92168097
39;0.55242638;0.722013833;0.33035135;0.386727218;0.633544513
48;0.586907647;0.860361437;0.55201873;0.644694768;0.537224612
98;0.28122732;0.471530476;0.993420118;0.941396383;0.731563731
31;0.805274465;0.399933384;0.503172578;0.799690179;0.273685808
91;0.740663262;0.792699696;0.819410515;0.76295288;0.988500832
66;0.509406884;0.720797696;0.955464691;0.426850947;0.707214759
7;0.155971174;0.851444664;0.203624156;0.299246314;0.66661784
94;0.968514644;0.469662227;0.58826865;0.649886254;0.043957365
90;0.726957047;0.000775642;0.000682894;0.065752198;0.49738747
84;0.260333177;0.592338942;0.622006425;0.732983213;0.07190338
24;0.427244059;0.716812017;0.327091073;0.963191149;0.238736386
80;0.936239394;0.779244943;0.737130007;0.460411196;0.683533669
76;0.39321268;0.813098177;0.75767756;0.91678553;0.440484967
57;0.650307844;0.734793861;0.703258802;0.498992107;0.205176734
37;0.662111283;0.772673429;0.120745281;0.551166274;0.291363962
32;0.455512647;0.9289002;0.61808449;0.758729976;0.41246825
80;0.757769946;0.26485892;0.335242608;0.095517568;0.299989099
86;0.378210366;0.927057999;0.436984607;0.950869118;0.83305024
53;0.88532955;0.391052831;0.279001599;0.48278238;0.485030995
55;0.384785811;0.635361592;0.979979361;0.224237019;0.542448075
25;0.657415295;0.475358578;0.608750697;0.595352879;0.725196959
37;0.792377591;0.367354829;0.697186153;0.248400952;0.529439845
81;0.765724249;0.761166011;0.548119322;0.726327923;0.531898299
84;0.667976273;0.924190855;0.236993895;0.471687915;0.051307355
63;0.201593191;0.476833734;0.068092246;0.592136486;0.602229193
82;0.753042947;0.441566531;0.87902247;0.3861552;0.246992103
44;0.739540657;0.30696659;0.327262675;0.294252968;0.487529381
20;0.866315662;0.430707206;0.468540678;0.463374958;0.442504701
6;0.260424309;0.097312648;0.510687117;0.006040659;0.838769458
16;0.59382045;0.632681032;0.081089345;0.856441282;0.186564852
25;0.400883064;0.158201621;0.815602153;0.153116348;0.69859069
20;0.364950015;0.062387744;0.218220006;0.866233664;0.217799359
7;0.113954671;0.169219923;0.966435393;0.518227686;0.282929598
29;0.317259147;0.451638728;0.346436812;0.791913343;0.598550903
65;0.229026293;0.720396786;0.847788302;0.006125271;0.794429213
75;0.111572737;0.167431078;0.694880293;0.575848654;0.151053586
93;0.904776998;0.557353838;0.657743082;0.758180636;0.629959151
72;0.765582336;0.318756112;0.967602261;0.185257829;0.500383677
4;0.388018151;0.537947142;0.479389558;0.35411589;0.215318195
64;0.523646528;0.234095233;0.531449532;0.152902077;0.303847311
57;0.002874779;0.023428905;0.829475737;0.668917817;0.64371366
88;0.784638753;0.696152284;0.082982606;0.726528964;0.259664279
74;0.883377523;0.153266528;0.373347058;0.764102851;0.450564916
98;0.959260733;0.364958919;0.44013531;0.915859148;0.180734586
67;0.171483561;0.089799842;0.147055902;0.281965045;0.225915316
84;0.739494817;0.129241699;0.917005582;0.042783047;0.390995125
34;0.967162841;0.047848272;0.155148165;0.796573077;0.845256655
48;0.394487401;0.705802736;0.452024064;0.325508818;0.159578894
51;0.455111742;0.801580532;0.575695229;0.085558324;0.218397444
59;0.734955606;0.58996834;0.844530847;0.084927709;0.746449949
90;0.139804839;0.913273414;0.58883019;0.202133791;0.206377859
27;0.358610171;0.245619589;0.81139398;0.429406782;0.184398501
47;0.021887354;0.973827884;0.338323726;0.917642987;0.886970043
23;0.085348547;0.276423434;0.891223653;0.319359895;0.745939704
14;0.867137247;0.867520865;0.937247304;0.663611682;0.778775022
37;0.917754917;0.813498234;0.015184573;0.920042424;0.588521615
74;0.08970215;0.713585271;0.634968664;0.676528519;0.333142324
88;0.257767491;0.557075882;0.255119658;0.201418736;0.113899234
82;0.9929161;0.893628283;0.580800462;0.258107727;0.623304459
93;0.585563524;0.529851341;0.993626676;0.464714344;0.920022095
21;0.594300472;0.001728106;0.048835241;0.944077116;0.561895956
23;0.186993141;0.560528585;0.488426847;0.93658956;0.76208283
62;0.293872295;0.158511449;0.744442376;0.758598681;0.334715478
96;0.145825744;0.886847214;0.071896459;0.022436503;0.884538317
67;0.660557828;0.85338399;0.99573164;0.023526234;0.485608569
48;0.891691541;0.304194708;0.7889862;0.870310684;0.101681455
100;0.666729474;0.813934681;0.950690028;0.868112085;0.577817179
97;0.239448866;0.891203129;0.888403259;0.575365211;0.72014327
14;0.81045297;0.70677047;0.884913703;0.210683411;0.779717697
27;0.824089509;0.149267254;0.033885157;0.162922083;0.973602882
79;0.653723696;0.424784269;0.548613501;0.46935592;0.638815614
83;0.928868869;0.775111463;0.534389779;0.456152815;0.585049612
65;0.989245152;0.101567024;0.720708762;0.360487234;0.616519394
87;0.636000741;0.792777749;0.048733175;0.363754363;0.711489899
59;0.833094346;0.605579173;0.53378439;0.723735069;0.62407823
44;0.882427823;0.78509551;0.54175199;0.361534451;0.127351527
59;0.182092756;0.719494457;0.230860968;0.578561466;0.354130058
59;0.514937887;0.104085606;0.957698513;0.696275189;0.092369611
75;0.32721293;0.231630818;0.22948813;0.436562559;0.295082316
25;0.226326899;0.108432262;0.490268125;0.54731143;0.268453973
25;0.990659515;0.792129057;0.23853497;0.635833669;0.025186346
95;0.32177136;0.106949108;0.385260524;0.007190588;0.98207673
16;0.515584775;0.159322415;0.851433315;0.349112161;0.97090774
87;0.491682553;0.968323074;0.161336888;0.480055138;0.373990243
98;0.505203706;0.677244874;0.24259248;0.50412513;0.308093726
3;0.075973699;0.246412149;0.01253321;0.778527255;0.505720628
42;0.420053067;0.197178817;0.771944373;0.607412922;0.948681269
43;0.989583002;0.201011205;0.458388255;0.379340484;0.893887203
79;0.950037618;0.772452821;0.004053812;0.683540527;0.431136226
27;0.285014584;0.557541949;0.410190599;0.720400085;0.795075713
26;0.97436129;0.344068682;0.683089391;0.926050602;0.326239213
86;0.551128019;0.488503863;0.656369806;0.230308228;0.915629645
15;0.410936148;0.453153711;0.867684875;0.268971629;0.60295239
65;0.403298708;0.487637677;0.86411011;0.082806352;0.510045586
4;0.20902278;0.739965983;0.061295685;0.713004414;0.145358174
88;0.437043131;0.182973776;0.472358316;0.076939301;0.651779896
3;0.742394658;0.999960823;0.875229507;0.823251799;0.134667149
93;0.045146137;0.439704814;0.583665188;0.012105091;0.113507352
20;0.770969284;0.053449743;0.057166339;0.595219074;0.402144732
46;0.340931483;0.454786444;0.797295564;0.42292539;0.231550441
90;0.781598108;0.249533195;0.738466444;0.647386822;0.561274849
85;0.283680758;0.544609177;0.980099744;0.625692355;0.997026921
94;0.536004057;0.44199232;0.514175305;0.301689455;0.663436843
38;0.67680815;0.394406605;0.400676523;0.904610426;0.463386985
19;0.869691737;0.818050219;0.998381336;0.875354337;0.766506499
99;0.639693303;0.993740397;0.103666228;0.397406823;0.679296241
44;0.785041546;0.489978;0.652427039;0.225303556;0.43763704
13;0.69920113;0.990593315;0.35917318;0.742936019;0.694628088
25;0.427541341;0.034193458;0.887161868;0.942429617;0.474398515
18;0.417712606;0.926902232;0.700188428;0.629291194;0.938308713
80;0.506595287;0.423689275;0.00909061;0.803539232;0.675275085
62;0.414745281;0.383427125;0.203111063;0.247762304;0.737980548
7;0.217292282;0.539606662;0.651095437;0.226155036;0.562703792
30;0.448328097;0.758590032;0.549948763;0.038792364;0.291923782
96;0.056689569;0.988020324;0.56300421;0.137433621;0.297810602
40;0.888689664;0.009775914;0.782790339;0.237242105;0.484810334
8;0.248712814;0.773701877;0.154112613;0.44676574;0.955692235
85;0.962756588;0.225563441;0.934905194;0.810385746;0.930927306
58;0.434084292;0.684489465;0.438759339;0.852337161;0.030451608
68;0.976385522;0.787119413;0.565187383;0.563656601;0.830488948
89;0.36293653;0.154356274;0.038513794;0.108809136;0.638655632
65;0.80502366;0.409949231;0.365218238;0.122024886;0.671034762
74;0.269795642;0.507729709;0.149082558;0.310710045;0.510266364
39;0.969469498;0.795985129;0.819326291;0.657895335;0.913535513
24;0.279723264;0.347394479;0.095703319;0.155022252;0.043655916
40;0.263550057;0.816265384;0.240160598;0.055213272;0.514216528
91;0.831009189;0.870511099;0.244926584;0.655433496;0.736651348
61;0.72761091;0.900708115;0.482735061;0.432375047;0.440484679
65;0.839563977;0.965071919;0.372515699;0.841299071;0.975016023
83;0.974095951;0.382428041;0.171684593;0.686104843;0.535954071
20;0.395864907;0.939904786;0.70159786;0.018114267;0.34251816
78;0.063949412;0.759130489;0.432959597;0.895317732;0.625166532
23;0.341958082;0.92462667;0.184286197;0.787481828;0.879723142
60;0.963362587;0.911030233;0.204645982;0.88598757;0.455515353
9;0.258099156;0.699929046;0.199582555;0.85141994;0.996228141
27;0.993769089;0.087407702;0.507698141;0.996369039;0.761221294
71;0.472623;0.928432531;0.03402396;0.562876763;0.220043376
56;0.484682248;0.180804843;0.416360811;0.248672677;0.483665823
96;0.667730735;0.728753544;0.080377942;0.550421628;0.830117646
39;0.828917158;0.229515494;0.719147998;0.376924136;0.642959699
34;0.371774889;0.832515717;0.449833976;0.271019202;0.051708179
25;0.295239727;0.059000261;0.179055763;0.051352669;0.429496296
36;0.777906183;0.430856433;0.621964346;0.845482592;0.635319599
6;0.384264764;0.873844205;0.076145469;0.767637913;0.13601114
82;0.726264265;0.764422535;0.332356415;0.124098264;0.196367735
91;0.828781659;0.045361848;0.305225912;0.556570486;0.724589877
95;0.077275144;0.612665548;0.659708147;0.146294887;0.562766142
40;0.209977272;0.826290458;0.152284186;0.152825155;0.904301905
8;0.834312288;0.138525224;0.213797559;0.269605971;0.791276602
9;0.220156912;0.711282811;0.118411537;0.534094666;0.894827902
86;0.93643501;0.674226827;0.347357745;0.083163547;0.177463756
50;0.645517318;0.346839035;0.708319249;0.496376695;0.608759084
90;0.033754006;0.962974383;0.734359188;0.687239001;0.854440165
77;0.682473742;0.951388548;0.430710494;0.394716134;0.717649546
85;0.41744974;0.974087705;0.18955647;0.246668569;0.808697323
72;0.494658635;0.56229174;0.443414295;0.66872777;0.837794741
9;0.144868144;0.601496495;0.754249478;0.91032165;0.447146199
13;0.444857494;0.611467954;0.052125816;0.045559662;0.850739594
72;0.875404337;0.738519586;0.819111167;0.322048158;0.50524344
84;0.597617204;0.199451183;0.709153526;0.594731845;0.286214309
13;0.945001559;0.207495672;0.692038492;0.694318477;0.035858102
40;0.5760352;0.387670989;0.429605564;0.984290855;0.395362107
99;0.008791123;0.144232473;0.474888583;0.025703447;0.464533601
81;0.389139753;0.059405842;0.885275916;0.222825262;0.512492689
39;0.871315956;0.020143614;0.106756716;0.56023851;0.837558071
10;0.094267706;0.23636653;0.750146003;0.292354483;0.399243695
33;0.683633732;0.593082119;0.563194461;0.838093559;0.967238078
23;0.481863784;0.678828226;0.47130136;0.105371668;0.718152672
7;0.637242131;0.116594687;0.723029479;0.427971486;0.489025891
46;0.507811637;0.394164166;0.602730942;0.531367147;0.222915557
29;0.698072899;0.20628294;0.846528452;0.589273666;0.826824427
85;0.618202396;0.942455328;0.262186296;0.972291003;0.588041222
7;0.457951513;0.193635497;0.263240645;0.533524023;0.20190823
56;0.958460033;0.458186696;0.021282914;0.250220329;0.070963253
39;0.683836275;0.847798027;0.148399343;0.001078781;0.77417792
39;0.295743361;0.592930826;0.287436072;0.392475716;0.456035784
25;0.536271438;0.278036916;0.363617848;0.362887975;0.805383536
72;0.751059679;0.322504369;0.98228767;0.994748993;0.917403171
100;0.27601556;0.237456643;0.858108447;0.10522059;0.255551451
70;0.808138618;0.330790042;0.578388855;0.732685681;0.358805774
79;0.127218535;0.872226628;0.567103362;0.668866083;0.574523648
87;0.020821696;0.824992863;0.545666368;0.44760652;0.551390951
98;0.290105868;0.835409591;0.702957084;0.896312415;0.061652336
39;0.140831181;0.925185239;0.111892146;0.377822049;0.597090061
3;0.663164322;0.274913535;0.499763886;0.841804172;0.272434061
33;0.224677815;0.043603006;0.784916705;0.925874363;0.55411534
53;0.191815923;0.060602614;0.693000811;0.920351934;0.855249054
8;0.805183495;0.298312644;0.827439353;0.742870411;0.059489707
87;0.822665093;0.011872266;0.170273638;0.441822423;0.839871251
58;0.981762263;0.488723843;0.773072162;0.442937015;0.802370802
77;0.307506225;0.579253675;0.358958246;0.136318423;0.272795642
98;0.031379497;0.001896805;0.457229426;0.656406605;0.971937714
54;0.815011142;0.165576798;0.234148161;0.133911156;0.310648312
90;0.908632765;0.10090253;0.706454075;0.404959645;0.500484405
38;0.770192741;0.292539998;0.836601015;0.312918019;0.055802376
40;0.696250787;0.379374613;0.138562667;0.830606443;0.78233328
94;0.7893396;0.768872311;0.170381663;0.514860271;0.916466837
49;0.481421828;0.821326367;0.590283109;0.437699099;0.242736322
71;0.595503826;0.009466207;0.622850709;0.039308591;0.156727738
38;0.512311632;0.722293423;0.177355581;0.876331538;0.967425792
69;0.425605731;0.63015641;0.104999735;0.25416818;0.263462552
34;0.296913703;0.951845537;0.860133384;0.686154718;0.427605168
74;0.633569383;0.098970903;0.694139769;0.762848579;0.25152111
30;0.750599302;0.491469886;0.438807452;0.257441443;0.336935415
81;0.138682713;0.692070421;0.272551794;0.080788837;0.292050115
34;0.152272949;0.606446883;0.716896557;0.633688103;0.530502617
59;0.309812015;0.948147654;0.709766526;0.881565888;0.648500165
16;0.460940454;0.48581679;0.4209131;0.156106842;0.047892991
1;0.533026538;0.770228389;0.403093846;0.013131047;0.653453991
66;0.439821117;0.986264408;0.490031383;0.969284483;0.896662729
69;0.086595154;0.31963649;0.965000105;0.451425077;0.665622203
14;0.532334114;0.791020706;0.767764347;0.077380923;0.340987394
70;0.456297686;0.795002245;0.917085172;0.846122894;0.035789768
18;0.946327407;0.79075158;0.10681705;0.265634884;0.196661414
29;0.995745824;0.879005954;0.53421015;0.212535905;0.385476807
18;0.454152423;0.281026181;0.073526018;0.285749158;0.715062803
83;0.392802487;0.030442701;0.622708707;0.936853841;0.888976986
48;0.493146218;0.508992965;0.614363768;0.464312316;0.775396912
85;0.971076116;0.72279968;0.738102258;0.383625432;0.82657628
4;0.763075673;0.525907503;0.71447144;0.091121512;0.171378977
4;0.385063922;0.074134028;0.107624621;0.048502354;0.417063207
71;0.412554477;0.702955908;0.750349693;0.741152471;0.683800037
27;0.371969761;0.174449585;0.876877291;0.837402838;0.316930911
49;0.133879274;0.442230333;0.440512929;0.35141147;0.935429704
71;0.820832083;0.533599693;0.345468276;0.038143039;0.545419206
63;0.952139485;0.893699575;0.165143948;0.87669715;0.127478496
74;0.928109353;0.82993073;0.494382954;0.739931651;0.364717166
10;0.508229592;0.957784547;0.126773362;0.097172011;0.209834185
5;0.706146118;0.137312107;0.505487859;0.401254476;0.663623879
5;0.730229201;0.457891869;0.93252381;0.772728968;0.997636289
45;0.813765658;0.433798921;0.656954712;0.27151094;0.878335122
77;0.065287637;0.669792848;0.946506347;0.202072086;0.715232397
30;0.344997924;0.894486463;0.735929827;0.921178671;0.08665814
48;0.412828593;0.950419861;0.936164532;0.445637574;0.083337316
58;0.285629049;0.67020683;0.970837654;0.636674155;0.993643284
4;0.768095203;0.330956612;0.568590689;0.090878259;0.348062894
55;0.37168235;0.917221053;0.741500327;0.66364382;0.1495876
25;0.641600303;0.277426828;0.424378538;0.859868534;0.854031483
10;0.735757772;0.287632031;0.809191519;0.46088978;0.581189842
27;0.076407926;0.348975422;0.671841369;0.647016996;0.886478724
12;0.690703017;0.32446138;0.095921432;0.349207476;0.336415679
39;0.533989747;0.63502131;0.674684748;0.439175067;0.728538116
24;0.905215317;0.577476085;0.579033813;0.087428729;0.727399117
84;0.773149151;0.723481024;0.703977224;0.856517205;0.743697527
99;0.123753062;0.780787216;0.597158576;0.686910226;0.547048251
23;0.141109705;0.978248397;0.927924449;0.550053072;0.163745202
1;0.45509452;0.100027685;0.010916447;0.562560734;0.297154965
33;0.227654911;0.815142644;0.923604324;0.886613425;0.928082305
74;0.119284693;0.515974476;0.69641572;0.170993604;0.044988299
25;0.064623626;0.317222254;0.348592227;0.623627435;0.046255373
80;0.101105879;0.863357245;0.415416967;0.82717354;0.806727173
70;0.533704219;0.977306251;0.082368724;0.949834209;0.908347387
95;0.848423593;0.606262286;0.677854329;0.514632038;0.172680818
50;0.461994307;0.208636842;0.487790841;0.201204978;0.626394662
71;0.739551793;0.698216142;0.616444564;0.803849052;0.727757748
79;0.031722118;0.728427256;0.319088296;0.610391797;0.184916984
73;0.478790894;0.21700268;0.491299883;0.948969576;0.546934784
97;0.427202345;0.060492826;0.213132476;0.25549394;0.740331818
31;0.146961592;0.684297018;0.184460052;0.062484733;0.45209032
59;0.737310607;0.085177576;0.542066291;0.879943318;0.26096423
11;0.402188081;0.007870999;0.407228757;0.746362528;0.556331199
33;0.174234375;0.068850784;0.101687757;0.246142923;0.886354243
24;0.785556767;0.087529975;0.67764926;0.962590241;0.341191967
21;0.926872738;0.484846507;0.813507538;0.694016923;0.162646236
15;0.436803105;0.347951857;0.896015326;0.472139967;0.078585242
73;0.289645877;0.365747914;0.952653126;0.408803654;0.981826922
75;0.568058738;0.564055642;0.930430484;0.226834323;0.646176395
76;0.167485669;0.889190533;0.575141078;0.887000394;0.987302176
12;0.080104375;0.841983499;0.389092811;0.668411372;0.506341918
85;0.102241587;0.226186982;0.054604508;0.194490804;0.800055256
47;0.5199195;0.624207182;0.434350056;0.878649741;0.834160278
99;0.224856298;0.519032307;0.503388593;0.435785848;0.583275423
43;0.992428205;0.191626287;0.342871725;0.599593577;0.273813689
29;0.231734187;0.340764126;0.820869716;0.207815749;0.796107134
21;0.406799042;0.565981025;0.552639124;0.53017395;0.305606647
12;0.70034345;0.706401939;0.536083062;0.846636604;0.871061702
73;0.022733218;0.042703009;0.434760946;0.499815947;0.857810979
51;0.546208736;0.445902466;0.283611052;0.762450046;0.804590006
76;0.609977202;0.757558843;0.50797877;0.820598179;0.756939375
42;0.672948746;0.252994552;0.975125999;0.04934553;0.421777201
16;0.808626849;0.667490011;0.396737179;0.157294871;0.822830028
53;0.617402573;0.777654394;0.402284445;0.312528789;0.729847952
62;0.350281969;0.661308894;0.189281023;0.199194707;0.890679253
28;0.952195952;0.582385779;0.10729438;0.195184229;0.933555237
72;0.647850515;0.505771536;0.760452608;0.28376689;0.990454716
98;0.005612926;0.435343081;0.597701622;0.079527299;0.139887994
5;0.479125354;0.771151077;0.723164914;0.388881698;0.037217359
44;0.187771134;0.693972291;0.56536349;0.609577478;0.592378138
77;0.428868797;0.444973429;0.619629033;0.777285793;0.63673154
3;0.055017527;0.585640672;0.139045402;0.814142579;0.953387439
38;0.320693066;0.918036168;0.47003302;0.111586343;0.818676058
16;0.936253109;0.311524855;0.303212079;0.309144329;0.97289133
31;0.833764788;0.25140229;0.470831446;0.288002845;0.332519708
23;0.266162308;0.605246826;0.321481967;0.220338194;0.216488472
17;0.857874678;0.346131072;0.453295995;0.179530751;0.339039535
68;0.552394387;0.942199132;0.337439278;0.476468285;0.630024617
33;0.89414688;0.556980084;0.344431338;0.611931438;0.808706438
97;0.707202271;0.622581328;0.311866078;0.042948256;0.497069723
22;0.353351731;0.748206095;0.526479741;0.324994611;0.649310937
63;0.119016016;0.970826406;0.571577984;0.019513192;0.318980467
36;0.359933634;0.433966395;0.663348948;0.473329658;0.04563035
23;0.57737174;0.407430906;0.231009633;0.030785847;0.732305895
38;0.496773427;0.32725547;0.412401872;0.344129382;0.611108646
12;0.8630227;0.114372532;0.870596454;0.12499794;0.144942075
20;0.415361493;0.097889168;0.66333801;0.581959088;0.061510952
15;0.215897648;0.142001452;0.608844429;0.809128163;0.203430653
1;0.407846492;0.5680461;0.222358087;0.278760757;0.102777075
37;0.854928958;0.415604019;0.932969943;0.81842477;0.726005613
3;0.970024764;0.272391084;0.507957405;0.170224406;0.786721877
22;0.047532226;0.216010328;0.978716319;0.720095547;0.244645854
24;0.284809476;0.278126314;0.543886886;0.06511426;0.347142696
65;0.926193284;0.286199695;0.53611518;0.357938231;0.482262844
97;0.094306628;0.770715586;0.156726728;0.913746845;0.915493331
82;0.671736215;0.471494983;0.210700058;0.151683228;0.607985718
59;0.318045762;0.067640984;0.104047952;0.377935383;0.697732945
14;0.267122356;0.719899103;0.952500239;0.0112304;0.033231275
53;0.30033023;0.432053039;0.925513331;0.084812733;0.580376263
75;0.509767243;0.473899356;0.206556247;0.557881216;0.054232815
70;0.09395434;0.806030021;0.005213403;0.725353159;0.724520108
95;0.348786831;0.524526197;0.534484831;0.258913251;0.302606469
18;0.659444212;0.986477308;0.162133869;0.499486914;0.300122156
33;0.596644774;0.799297557;0.295617584;0.26525457;0.524377835
59;0.227790832;0.118637608;0.351534746;0.716896566;0.271186229
94;0.053143667;0.507259088;0.288284428;0.506058534;0.11645997
55;0.361638189;0.598215372;0.69731095;0.688449771;0.441605671
32;0.104596671;0.290729432;0.033182742;0.750477305;0.797722242
11;0.797910507;0.522617737;0.131204527;0.740462521;0.843440866
96;0.495741301;0.665805507;0.318376462;0.10872251;0.384079778
42;0.676784831;0.62918366;0.836425209;0.186966523;0.785984033
97;0.094819416;0.355312306;0.666369734;0.522562565;0.270299945
12;0.201320382;0.289939355;0.301593918;0.090112628;0.073632957
30;0.116262242;0.708316564;0.084498793;0.379023391;0.834959846
50;0.188237912;0.664203825;0.820475337;0.66859384;0.241656398
78;0.191497012;0.104642772;0.027299027;0.478556891;0.558425633
47;0.086197924;0.345767169;0.271798146;0.966607724;0.307750804
51;0.191362578;0.560678181;0.535507736;0.352034577;0.906152568
48;0.448695153;0.615955786;0.62536583;0.569463042;0.852431929
35;0.095756834;0.971281749;0.830347424;0.209450233;0.310974126
99;0.605292014;0.095347112;0.560033418;0.016289041;0.600765499
71;0.146145871;0.903670752;0.969341997;0.259911276;0.710966056
91;0.045937436;0.904037182;0.08699158;0.897022372;0.168665941
81;0.267981764;0.754830901;0.678489872;0.609146464;0.123708588
3;0.092340675;0.01451609;0.056680406;0.728048348;0.899998049
21;0.086303724;0.027760723;0.989908526;0.109115324;0.045823702
90;0.517287063;0.958268909;0.388452469;0.725929216;0.485928796
64;0.020516226;0.13394745;0.783036735;0.934982473;0.620273999
13;0.033239961;0.519726795;0.630206727;0.926259869;0.095646467
33;0.94279644;0.901759918;0.171278661;0.57699541;0.153381618
20;0.220227682;0.564720611;0.713575834;0.816765234;0.981972563
24;0.644726617;0.658894539;0.536189384;0.970419878;0.543723732
62;0.342266227;0.212803058;0.161023302;0.077001184;0.616173413
87;0.014137398;0.179433056;0.839057524;0.435039283;0.126954917
74;0.524779499;0.477500556;0.407642542;0.329585247;0.919979712
74;0.178611293;0.856476703;0.858934497;0.623681392;0.30639512
72;0.176557381;0.52647482;0.171835619;0.577448658;0.911070447
12;0.319308642;0.669721829;0.716755687;0.949532079;0.060065091
18;0.566785719;0.2564329;0.861009612;0.843738528;0.878888097
58;0.800996831;0.654310224;0.053262961;0.104308041;0.936930231
50;0.716514151;0.049826077;0.555384272;0.961332294;0.765328817
17;0.671756763;0.38656922;0.062807192;0.796966777;0.273664629
79;0.789251723;0.233299795;0.588658691;0.118571706;0.994203169
49;0.41156654;0.937996051;0.922813815;0.70236799;0.724299832
38;0.312491594;0.648704903;0.102608029;0.765568779;0.076208643
42;0.034008602;0.886152375;0.562883004;0.624331838;0.253222761
91;0.567963767;0.974938961;0.899234563;0.562451349;0.303407349
84;0.375718603;0.09164325;0.122049394;0.008756571;0.087468719
40;0.97475016;0.351436828;0.64681048;0.95955046;0.666177142
67;0.341148341;0.397555251;0.172267365;0.28674159;0.087611248
20;0.984283315;0.966601712;0.526191772;0.803891243;0.979208774
93;0.501385867;0.254888963;0.523042826;0.56796824;0.69444852
95;0.14835957;0.403825528;0.063123308;0.51024964;0.012231934
56;0.297523884;0.820382925;0.643823185;0.447374874;0.07269894
37;0.018395774;0.175836581;0.10955764;0.279941451;0.427461148
71;0.839393708;0.037685767;0.467843233;0.842792775;0.635447111
34;0.474267648;0.415446432;0.796612008;0.677142897;0.728023111
61;0.664367762;0.757280829;0.00283313;0.518429821;0.302035409
87;0.088936293;0.421315944;0.11251115;0.055630853;0.055475486
91;0.908924799;0.833738472;0.094607714;0.883707724;0.847447534
64;0.543387841;0.053810567;0.181917646;0.123973859;0.543779633
92;0.095357154;0.483675948;0.484605149;0.418050667;0.479053928
70;0.274895479;0.845992376;0.104665743;0.560463317;0.122898533
39;0.672265161;0.76257539;0.895081798;0.840309029;0.521782785
15;0.932858336;0.185654297;0.498062422;0.145289787;0.536625164
74;0.09915884;0.0840453;0.741818016;0.315470341;0.456908242
55;0.999449452;0.720662155;0.735246549;0.66704972;0.654949213
56;0.305759485;0.047584233;0.530003468;0.614417405;0.557126445
65;0.87391679;0.939723518;0.624518508;0.038511056;0.744747163
72;0.897859259;0.708576083;0.577328372;0.433536708;0.48487206
97;0.425546913;0.614131856;0.30688951;0.994990145;0.808007179
81;0.914674822;0.556412594;0.976551372;0.279365266;0.514833037
22;0.598081863;0.864591341;0.389045529;0.503163912;0.366610969
30;0.457569912;0.972335402;0.147216835;0.13615315;0.616058277
73;0.873248068;0.335591918;0.543041528;0.462467755;0.309130512
42;0.986006476;0.592367089;0.016296345;0.311326672;0.599746899
54;0.514529944;0.916052215;0.349796868;0.722347596;0.498086582
24;0.116560733;0.859280502;0.789312588;0.269760922;0.78035153
26;0.545395315;0.778512685;0.342821711;0.656010878;0.923483743
25;0.167482231;0.125996215;0.964809421;0.377786306;0.002823968
25;0.10707595;0.702528158;0.411026752;0.911107069;0.916423123
91;0.983761007;0.938978095;0.04666509;0.495093515;0.23904404
61;0.827834147;0.595382253;0.280743211;0.406543114;0.752783078
16;0.811797801;0.134852843;0.993662794;0.163661367;0.453672888
35;0.031395088;0.76660248;0.949725911;0.08934357;0.20733554
64;0.129982447;0.9056841;0.501053214;0.186690345;0.511810845
79;0.461492698;0.096429394;0.159492786;0.163571628;0.899725496
32;0.166629791;0.119431251;0.835195083;0.978890475;0.021330645
45;0.077330898;0.127581923;0.779768425;0.598260591;0.982852239
9;0.944343156;0.910498857;0.889855794;0.503101918;0.594593946
78;0.10440199;0.015196646;0.60455763;0.734929243;0.55575488
32;0.672709696;0.026692502;0.394909629;0.211206613;0.14118828
81;0.028663469;0.144899764;0.86106034;0.410814061;0.376379541
76;0.58294129;0.031574363;0.967773341;0.285699148;0.155032012
77;0.636675496;0.791499912;0.758493645;0.310860662;0.076559828
73;0.369705367;0.529431485;0.885637059;0.838323826;0.577812964
95;0.74220488;0.277126239;0.246136898;0.470944254;0.250159937
97;0.025083509;0.03762819;0.418139831;0.959594427;0.064303314
27;0.31861478;0.397987033;0.981352786;0.65166073;0.485025282
17;0.672939498;0.704223673;0.237958453;0.609999897;0.547952393
90;0.230070208;0.221506472;0.210814061;0.416724463;0.603564009
93;0.421948508;0.541368566;0.726211464;0.517797536;0.602865806
16;0.995414497;0.524729104;0.024595668;0.876698662;0.614238281
9;0.088231956;0.183445291;0.075196077;0.853510542;0.337256991
57;0.370931207;0.32453804;0.171252401;0.79238109;0.691753953
44;0.712345548;0.737298028;0.511469053;0.469463976;0.237111307
19;0.515629217;0.238783442;0.648019662;0.947022093;0.400172079
2;0.219913584;0.167931432;0.584903499;0.520211073;0.528539075
36;0.603049797;0.846765402;0.064362266;0.041175166;0.242372997
93;0.904507792;0.648322044;0.273035315;0.34730473;0.585631335
26;0.636742715;0.280353228;0.26785388;0.62624026;0.628205929
2;0.4077109;0.993512092;0.426010679;0.754140149;0.194154874
72;0.831717257;0.750806888;0.850132115;0.425138326;0.179080102
17;0.170591348;0.025825825;0.47040514;0.818245832;0.392333951
100;0.661602209;0.926932689;0.120526648;0.745706766;0.124121564
84;0.325365627;0.552133952;0.162138021;0.238647248;0.197986163
16;0.809674424;0.472685432;0.71053364;0.219899162;0.118993076
27;0.285792471;0.056690698;0.257271643;0.923672653;0.618045881
30;0.625693273;0.139936693;0.625779321;0.103770696;0.255984865
76;0.85885711;0.017857117;0.728279994;0.015236857;0.437031599
58;0.001951124;0.228618262;0.684874067;0.529241031;0.408212641
92;0.10443001;0.46117291;0.553932047;0.720690479;0.979087276
27;0.14930624;0.389009136;0.618515887;0.615241178;0.486739565
84;0.319456182;0.962388739;0.944622773;0.21419044;0.391743584
70;0.911833319;0.516854552;0.357451886;0.027989058;0.311940819
92;0.663159447;0.162020095;0.504708569;0.447936353;0.414295212
52;0.397964651;0.224751878;0.950092523;0.250639477;0.466169581
100;0.250313625;0.420770872;0.686075394;0.705498803;0.856194877
97;0.653913084;0.53508409;0.405650692;0.085115396;0.845780877
21;0.342272243;0.177122192;0.809362141;0.888550237;0.098079835
88;0.59023348;0.794206797;0.880805623;0.9989979;0.204018412
35;0.254016215;0.396107668;0.511377174;0.970834338;0.356914102
74;0.838333504;0.666896706;0.798758264;0.20758872;0.313426388
3;0.969327857;0.654797846;0.730120952;0.375150077;0.402642583
70;0.270894155;0.403996185;0.666502784;0.20695663;0.654062855
92;0.407712272;0.627917004;0.016132442;0.144301984;0.395518059
31;0.488217192;0.129535098;0.30881333;0.892319131;0.57331689
69;0.857976301;0.595777434;0.664481217;0.497544208;0.447950268
38;0.695426042;0.755748824;0.774750225;0.579582349;0.512621468
2;0.064414746;0.646715176;0.302526107;0.308367088;0.736780121
6;0.504094521;0.799851384;0.328294306;0.28213674;0.487935062
76;0.972024724;0.827320431;0.075046129;0.777382196;0.777243516
50;0.452672159;0.209302143;0.704657079;0.465293982;0.585444639
36;0.197706099;0.673771459;0.751741571;0.124969907;0.655755296
78;0.365884053;0.872113295;0.346945879;0.053536415;0.00847711
79;0.24247959;0.947985295;0.637346418;0.350910467;0.023366128
80;0.557017547;0.644835619;0.375178971;0.877089021;0.112349273
80;0.805024479;0.73782833;0.587424191;0.912654806;0.066817405
52;0.262737505;0.224607995;0.351638732;0.806119475;0.160783474
57;0.427328544;0.962620161;0.375143319;0.121118958;0.782394288
11;0.30397878;0.089981932;0.964576772;0.856637636;0.842398473
72;0.894515592;0.021297492;0.023078669;0.492779242;0.003050182
57;0.410090129;0.73323713;0.359676441;0.563768603;0.414527744
52;0.703389253;0.853692812;0.243583038;0.283218288;0.97815078
45;0.065141386;0.118946473;0.191542214;0.009993525;0.441612852
63;0.620065765;0.664697635;0.226413832;0.186800324;0.765876944
67;0.599144483;0.31744327;0.79324043;0.117913381;0.333256972
8;0.835244565;0.798414194;0.097308315;0.528323333;0.934541694
69;0.753385888;0.425930413;0.867535956;0.862014605;0.538252371
26;0.193642747;0.633164304;0.06629164;0.514808634;0.457562279
84;0.285585219;0.249464131;0.809823149;0.21173337;0.397645957
71;0.111852858;0.348972391;0.852855392;0.982116647;0.314201982
9;0.204637116;0.168297807;0.590075179;0.969342098;0.957538723
55;0.002067947;0.405718069;0.217760112;0.857408545;0.673974198
95;0.750952102;0.607475834;0.834526543;0.010372342;0.50363082
42;0.171629911;0.002807783;0.529539169;0.50240489;0.732133051
51;0.280995861;0.885876151;0.39886559;0.658743477;0.27681305
67;0.742445263;0.268235316;0.163989955;0.039934902;0.220623115
56;0.988950066;0.858699731;0.395214607;0.660733871;0.64468988
10;0.309564086;0.076441218;0.81141216;0.484370078;0.126176132
53;0.601983024;0.027350697;0.961608032;0.218594672;0.898174229
84;0.356659478;0.259701166;0.471448459;0.049905259;0.792375159
40;0.617469592;0.307727865;0.901429649;0.47085241;0.273784589
52;0.981335328;0.309302811;0.888529874;0.100327998;0.906315884
2;0.073889826;0.554362665;0.943397475;0.066941442;0.306536162
24;0.13157799;0.528484442;0.158833003;0.180839547;0.642631411
21;0.227729377;0.90340341;0.096758618;0.720801539;0.004674756
13;0.108884608;0.950213656;0.756808767;0.468518884;0.193933928
98;0.884704144;0.572391112;0.252604013;0.85801352;0.479751454
100;0.817908113;0.721122048;0.773373297;0.906322212;0.583346059
90;0.738121151;0.509737474;0.451400987;0.804236821;0.616107764
71;0.568233441;0.672084048;0.519776434;0.232612715;0.499072101
27;0.404743083;0.629817609;0.948923243;0.748919166;0.42929714
82;0.848288911;0.725663765;0.195899593;0.616791342;0.94656034
83;0.492383349;0.5792795;0.427716768;0.471023812;0.365184125
98;0.32160641;0.60213331;0.73572972;0.668730714;0.240684574
53;0.869180752;0.070878579;0.638912651;0.471287249;0.945446807
43;0.514885811;0.009170182;0.030400135;0.572518906;0.364643993
97;0.521562296;0.876309695;0.4976856;0.653066214;0.052533104
93;0.824151108;0.675950407;0.923600093;0.390168657;0.367934922
79;0.398165836;0.400929243;0.437763202;0.578154498;0.222163894
36;0.334899272;0.965723379;0.180193031;0.528164088;0.883423241
74;0.160688467;0.888667508;0.413450742;0.392736361;0.664501697
49;0.677765975;0.440871251;0.529281766;0.981077371;0.835469382
99;0.657696082;0.438324175;0.471290186;0.581883201;0.146951403
33;0.833635853;0.329078738;0.095530426;0.457323501;0.856624682
89;0.341771653;0.393088173;0.090933657;0.438460753;0.674357116
22;0.234474713;0.054768166;0.815928618;0.184970179;0.402263352
60;0.115229004;0.54603364;0.018427298;0.171536315;0.24665316
61;0.136597148;0.530450362;0.138786139;0.516521134;0.504238765
7;0.470959948;0.52972585;0.921669609;0.677725662;0.172144082
24;0.957736762;0.320426732;0.187808003;0.790389125;0.82977381
37;0.772862951;0.932043677;0.660648419;0.006624015;0.0289902
76;0.718995289;0.902601361;0.148769315;0.004597842;0.13762048
72;0.382645929;0.038374538;0.351903466;0.231429989;0.631090139
98;0.1656221;0.436829389;0.788010518;0.70934089;0.823439447
55;0.687220305;0.502935551;0.13635605;0.76469793;0.003479575
58;0.817443913;0.519919123;0.025044445;0.43232869;0.282679103
74;0.716448751;0.969836928;0.671251619;0.77919875;0.803432163
1;0.888838338;0.826368751;0.506977456;0.230757122;0.969693734
95;0.81101477;0.165719593;0.288033855;0.585806629;0.240212971
